<?xml version="1.0" encoding="ISO-8859-1" standalone="no"?>
<!DOCTYPE s:studium SYSTEM "studium1.dtd">
<s:studium xmlns:s="http://blablub.html">
	<s:student matrikelnummer="M3583999">
		<s:name>test</s:name>
		<s:vorname>tt</s:vorname>
		<s:anschrift>
			<s:kuerzel>D</s:kuerzel>
			<s:plz>66666</s:plz>
			<s:ort>hell</s:ort>
			<s:strasse>highwayToHell</s:strasse>
			<s:hausnummer>666</s:hausnummer>
		</s:anschrift>
	</s:student>
	<s:student matrikelnummer="M3583998">
		<s:name>blub</s:name>
		<s:vorname>bla</s:vorname>
		<s:anschrift>
			<s:kuerzel>D</s:kuerzel>
			<s:plz>66666</s:plz>
			<s:ort>hell</s:ort>
			<s:strasse>highwayToHell</s:strasse>
			<s:hausnummer>666</s:hausnummer>
		</s:anschrift>
		<s:anschrift>
			<s:kuerzel>D</s:kuerzel>
			<s:plz>66666</s:plz>
			<s:ort>hell</s:ort>
			<s:strasse>goebenstrasse</s:strasse>
			<s:hausnummer>40</s:hausnummer>
		</s:anschrift>
	</s:student>
	<s:dozent identifier="I1">
		<s:name>no</s:name>
		<s:vorname>dr</s:vorname>
	</s:dozent>
	<s:vorlesung titel="TI" art="Pflicht" dozent="I1">
		<s:semestercount>15</s:semestercount>
		<s:beschreibung>Theoretische Informatik</s:beschreibung>
	</s:vorlesung>
	<s:vorlesung titel="MS" art="Wahlpflicht" dozent="I1">
		<s:semestercount>14</s:semestercount>
		<s:link>www.htw-deadlink.de</s:link>
	</s:vorlesung>
	<s:teilnahme identifier="I2" student="M3583999">
		<s:note>20</s:note>
	</s:teilnahme>
	<s:teilnahme identifier="I3" student="M3583999">
		<s:note>15</s:note>
	</s:teilnahme>
	<s:teilnahme identifier="I4" student="M3583998">
		<s:note>8</s:note>
	</s:teilnahme>
	<s:pruefung vorlesung="TI" teilnehmer="I3 I4">
		<s:datum>1.4.2013</s:datum>
	</s:pruefung>
	<s:pruefung vorlesung="MS" teilnehmer="I2">
		<s:datum>1.4.2013</s:datum>
	</s:pruefung>
</s:studium>
