<?xml version="1.0" encoding="ISO-8859-1" standalone="no"?>
<!DOCTYPE stud:studium SYSTEM "studium1.dtd">
<stud:studium xmlns:stud="http://blablub.html">
	<stud:student matrikelnummer="M3583999">
		<stud:name>test</stud:name>
		<stud:vorname>tt</stud:vorname>
		<stud:anschrift>
			<stud:kuerzel>D</stud:kuerzel>
			<stud:plz>66666</stud:plz>
			<stud:ort>hell</stud:ort>
			<stud:strasse>highwayToHell</stud:strasse>
			<stud:hausnummer>666</stud:hausnummer>
		</stud:anschrift>
	</stud:student>
	<stud:student matrikelnummer="M3583998">
		<stud:name>blub</stud:name>
		<stud:vorname>bla</stud:vorname>
		<stud:anschrift>
			<stud:kuerzel>D</stud:kuerzel>
			<stud:plz>66666</stud:plz>
			<stud:ort>hell</stud:ort>
			<stud:strasse>highwayToHell</stud:strasse>
			<stud:hausnummer>666</stud:hausnummer>
		</stud:anschrift>
		<stud:anschrift>
			<stud:kuerzel>D</stud:kuerzel>
			<stud:plz>66666</stud:plz>
			<stud:ort>hell</stud:ort>
			<stud:strasse>goebenstrasse</stud:strasse>
			<stud:hausnummer>40</stud:hausnummer>
		</stud:anschrift>
	</stud:student>
	<stud:dozent identifier="I1">
		<stud:name>no</stud:name>
		<stud:vorname>dr</stud:vorname>
	</stud:dozent>
	<stud:vorlesung titel="TI" art="Pflicht" dozent="I1">
		<stud:semestercount>15</stud:semestercount>
		<stud:beschreibung>Theoretische Informatik</stud:beschreibung>
	</stud:vorlesung>
	<stud:vorlesung titel="MS" art="Wahlpflicht" dozent="I1">
		<stud:semestercount>14</stud:semestercount>
		<stud:link>www.htw-deadlink.de</stud:link>
	</stud:vorlesung>
	<stud:teilnahme identifier="I2" student="M3583999">
		<stud:note>20</stud:note>
	</stud:teilnahme>
	<stud:teilnahme identifier="I3" student="M3583999">
		<stud:note>15</stud:note>
	</stud:teilnahme>
	<stud:teilnahme identifier="I4" student="M3583998">
		<stud:note>8</stud:note>
	</stud:teilnahme>
	<stud:pruefung vorlesung="TI" teilnehmer="I3 I4">
		<stud:datum>1.4.2013</stud:datum>
	</stud:pruefung>
	<stud:pruefung vorlesung="MS" teilnehmer="I2">
		<stud:datum>1.4.2013</stud:datum>
	</stud:pruefung>
</stud:studium>
